Symbol,Sector,Entry Date,Exit Date,Trade Type,Hold Bucket,Period_of_Holding,Quantity,Avg Buy Price,Avg Sell Price,Buy_Value,Sell_Value,Profit,Return %,Return Bucket,Outcome,Is Corp Action
KANSAINER,Paints,2024-12-20,2025-04-21,Short Term,3-6 months,122,50,261.9,267.2386,13095.0,13361.93,266.93,2.038411607483775,Flat (-5 to +5%),WIN,False
IDFCFIRSTB,Pvt Banks,2025-01-03,2025-04-23,Short Term,3-6 months,110,200,65.5,68.77,13100.0,13754.0,654.0,4.99236641221374,Flat (-5 to +5%),WIN,False
RBLBANK,Pvt Banks,2024-03-19,2025-04-28,Long Term,12+ months,405,50,221.5,203.23,11075.0,10161.5,-913.5,-8.248306997742663,Loss (-5 to -20%),LOSS,False
RBLBANK,Pvt Banks,2024-08-02,2025-04-28,Short Term,6-12 months,269,50,229.18,203.23,11459.0,10161.5,-1297.5,-11.32297757221398,Loss (-5 to -20%),LOSS,False
BEL,Defence,2024-08-06,2025-05-14,Short Term,6-12 months,281,50,298.8,340.05,14940.0,17002.5,2062.5,13.805220883534137,Modest Win (5-20%),WIN,False
MAHABANK,PSU Banks,2024-10-14,2025-06-02,Short Term,6-12 months,231,101,54.77,57.970000000000006,5531.77,5854.97,323.2,5.84261457002008,Modest Win (5-20%),WIN,False
BRITANNIA,FMCG,2024-11-12,2025-06-03,Short Term,6-12 months,203,2,5250.0,5550.0,10500.0,11100.0,600.0,5.714285714285714,Modest Win (5-20%),WIN,False
PNB,PSU Banks,2024-10-11,2025-06-09,Short Term,6-12 months,241,150,104.35,112.32,15652.5,16848.0,1195.5,7.637757546717777,Modest Win (5-20%),WIN,False
PNB,PSU Banks,2024-08-07,2025-06-09,Short Term,6-12 months,306,150,115.64,112.32,17346.0,16848.0,-498.0,-2.87097890003459,Flat (-5 to +5%),LOSS,False
HINDPETRO,Oil & Gas,2024-10-28,2025-06-12,Short Term,6-12 months,227,25,386.5,399.1,9662.5,9977.5,315.0,3.260025873221216,Flat (-5 to +5%),WIN,False
ADANIPORTS,Infrastructure,2024-08-06,2025-06-13,Short Term,6-12 months,311,15,1520.7,1400.7,22810.5,21010.5,-1800.0,-7.89110278161373,Loss (-5 to -20%),LOSS,False
ADANIPORTS,Infrastructure,2024-03-13,2025-06-13,Long Term,12+ months,457,15,1202.4,1400.7,18036.0,21010.5,2974.5,16.49201596806387,Modest Win (5-20%),WIN,False
ADANIPORTS,Infrastructure,2024-06-04,2025-06-13,Long Term,12+ months,374,10,1233.075,1400.7,12330.75,14007.0,1676.25,13.594063621434218,Modest Win (5-20%),WIN,False
ADANIPORTS,Infrastructure,2024-06-13,2025-06-13,Long Term,12+ months,365,15,1402.5,1400.7,21037.5,21010.5,-27.0,-0.1283422459893048,Flat (-5 to +5%),LOSS,False
ADANIPORTS,Infrastructure,2023-10-27,2025-06-13,Long Term,12+ months,595,25,777.6,1416.14,19440.0,35403.5,15963.5,82.1167695473251,Big Win (>50%),WIN,False
ADANIPORTS,Infrastructure,2025-06-20,2025-06-24,Short Term,<1 month,4,10,1340.0,1404.7,13400.0,14047.0,647.0,4.828358208955224,Flat (-5 to +5%),WIN,False
RBLBANK,Pvt Banks,2024-12-20,2025-06-24,Short Term,6-12 months,186,100,153.47,237.0,15347.0,23700.0,8353.0,54.42757542190656,Big Win (>50%),WIN,False
BRITANNIA,FMCG,2024-11-12,2025-06-25,Short Term,6-12 months,225,1,5250.0,5649.3,5250.0,5649.3,399.3,7.605714285714289,Modest Win (5-20%),WIN,False
RPOWER,Power,2025-06-20,2025-06-25,Short Term,<1 month,5,100,62.95,64.57,6295.0,6457.0,162.0,2.573471008737093,Flat (-5 to +5%),WIN,False
PARAGMILK,FMCG,2024-10-30,2025-06-27,Short Term,6-12 months,240,50,197.655,222.008,9882.75,11100.4,1217.65,12.320963294629529,Modest Win (5-20%),WIN,False
PARAGMILK,FMCG,2024-10-14,2025-06-27,Short Term,6-12 months,256,100,232.67,222.0217,23267.0,22202.17,-1064.83,-4.57656767095028,Flat (-5 to +5%),LOSS,False
PNB,PSU Banks,2025-06-20,2025-06-27,Short Term,<1 month,7,100,101.59,106.87,10159.0,10687.0,528.0,5.197361945073334,Modest Win (5-20%),WIN,False
KIRLOSBROS,Capital Goods,2024-12-10,2025-06-27,Short Term,6-12 months,199,4,2295.0,2446.4,9180.0,9785.6,605.6,6.596949891067543,Modest Win (5-20%),WIN,False
GMRINFRA,Infrastructure,2024-09-20,2025-07-16,Short Term,6-12 months,299,100,95.14,93.97,9514.0,9397.0,-117.0,-1.2297666596594492,Flat (-5 to +5%),LOSS,False
GMRINFRA,Infrastructure,2024-10-03,2025-07-16,Short Term,6-12 months,286,100,88.54,93.97,8854.0,9397.0,543.0,6.132821323695505,Modest Win (5-20%),WIN,False
DDEVPLASTIK,Plastics,2024-09-19,2025-09-10,Short Term,6-12 months,356,49,340.7,349.5,16694.3,17125.5,431.2000000000001,2.5829175227472896,Flat (-5 to +5%),WIN,False
ADANIPOWER,Power,2024-03-20,2025-09-19,Long Term,12+ months,548,5,505.0,679.0,2525.0,3395.0,870.0,34.45544554455445,Strong Win (20-50%),WIN,False
ADANIPOWER,Power,2024-06-04,2025-09-19,Long Term,12+ months,472,10,728.1,678.825,7281.0,6788.25,-492.75,-6.767614338689741,Loss (-5 to -20%),LOSS,False
ADANIPOWER,Power,2024-10-03,2025-09-19,Short Term,6-12 months,351,29,634.25,678.65,18393.25,19680.85,1287.6,7.000394166338186,Modest Win (5-20%),WIN,False
ADANIPORTS,Infrastructure,2025-08-07,2025-10-15,Short Term,1-3 months,69,5,1325.0,1449.0,6625.0,7245.0,620.0,9.358490566037736,Modest Win (5-20%),WIN,False
ADANIPORTS,Infrastructure,2025-08-01,2025-10-15,Short Term,1-3 months,75,10,1352.0,1449.0,13520.0,14490.0,970.0,7.174556213017752,Modest Win (5-20%),WIN,False
SBIN,PSU Banks,2023-09-20,2026-01-02,Long Term,12+ months,835,30,601.2,995.0,18036.0,29850.0,11814.0,65.50232867598137,Big Win (>50%),WIN,False
GMRINFRA,Infrastructure,2024-10-30,2026-01-02,Long Term,12+ months,429,100,80.84,105.5,8084.0,10550.0,2466.0,30.50470064324592,Strong Win (20-50%),WIN,False
SBIN,PSU Banks,2023-10-23,2026-01-05,Long Term,12+ months,805,10,560.95,1015.0,5609.5,10150.0,4540.5,80.94304305196542,Big Win (>50%),WIN,False
SBIN,PSU Banks,2023-09-20,2026-01-05,Long Term,12+ months,838,20,601.2,1015.0,12024.0,20300.0,8276.0,68.82900864936794,Big Win (>50%),WIN,False
ANGELONE,Capital Markets,2026-01-05,2026-01-16,Short Term,<1 month,11,5,2375.0,2725.0,11875.0,13625.0,1750.0,14.736842105263156,Modest Win (5-20%),WIN,False
PNB,PSU Banks,2025-08-29,2026-01-16,Short Term,3-6 months,140,150,101.0,130.1,15150.0,19515.0,4365.0,28.81188118811881,Strong Win (20-50%),WIN,False
SBIN,PSU Banks,2023-10-23,2026-01-22,Long Term,12+ months,822,15,560.95,1051.013333333333,8414.25,15765.2,7350.95,87.36310425765815,Big Win (>50%),WIN,False
INDUSTOWER,Telecom Infra,2024-08-21,2026-02-09,Long Term,12+ months,537,7,425.0,455.05,2975.0,3185.35,210.35,7.070588235294115,Modest Win (5-20%),WIN,False
INDUSTOWER,Telecom Infra,2024-06-19,2026-02-09,Long Term,12+ months,600,38,325.25,455.05,12359.5,17291.9,4932.4,39.907763259031526,Strong Win (20-50%),WIN,False
TMCVL,Logistics,2024-06-13,2026-02-12,Long Term,12+ months,609,20,308.4473,491.9,6168.946,9838.0,3669.054,59.47618928744068,Big Win (>50%),WIN,False
MAXHEALTH,Healthcare,2026-01-16,2026-02-12,Short Term,<1 month,27,10,1029.2,1057.4,10292.0,10574.0,282.0,2.7399922269724057,Flat (-5 to +5%),WIN,False
NATIONALUM,Metals/Mining,2024-10-31,2026-02-12,Long Term,12+ months,469,26,228.0,371.0,5928.0,9646.0,3718.0,62.71929824561403,Big Win (>50%),WIN,False
TMCVL,Logistics,2024-09-24,2026-02-12,Long Term,12+ months,506,10,303.6502,491.9,3036.502,4919.0,1882.498,61.99561205624104,Big Win (>50%),WIN,False
TMCVL,Logistics,2024-10-04,2026-02-12,Long Term,12+ months,496,10,289.72615,491.9,2897.2615,4919.0,2021.7385,69.78101562458204,Big Win (>50%),WIN,False
ONGC,Oil & Gas,2023-11-17,2026-02-20,Long Term,12+ months,826,50,196.0,278.1,9800.0,13905.0,4105.0,41.88775510204082,Strong Win (20-50%),WIN,False
SCI,Logistics,2024-12-10,2026-02-20,Long Term,12+ months,437,60,238.82,262.4,14329.2,15744.0,1414.8,9.873544929235402,Modest Win (5-20%),WIN,False
NMDC,Metals/Mining,2024-12-26,2026-02-24,Long Term,12+ months,425,160,0.0,79.07812500000001,0.0,12652.500000000002,12652.500000000002,inf,Corporate Action,WIN,True
NMDC,Metals/Mining,2024-12-18,2026-02-24,Long Term,12+ months,433,80,213.62,79.07000000000001,17089.6,6325.6,-10764.0,-62.98567549854882,Big Loss (>-20%),LOSS,False
SBIN,PSU Banks,2023-10-23,2026-02-25,Long Term,12+ months,856,25,560.95,1203.9,14023.75,30097.5,16073.75,114.6180586505036,Big Win (>50%),WIN,False
SBIN,PSU Banks,2024-08-02,2026-02-25,Long Term,12+ months,572,20,851.45,1203.9,17029.0,24078.0,7049.0,41.39409243055963,Strong Win (20-50%),WIN,False
ONGC,Oil & Gas,2023-11-20,2026-02-27,Long Term,12+ months,830,50,197.75,279.7,9887.5,13985.0,4097.5,41.44121365360303,Strong Win (20-50%),WIN,False
ONGC,Oil & Gas,2024-05-08,2026-03-02,Long Term,12+ months,663,50,277.9,288.25,13895.0,14412.5,517.5,3.724361281036344,Flat (-5 to +5%),WIN,False
ONGC,Oil & Gas,2023-11-20,2026-03-02,Long Term,12+ months,833,50,197.75,288.25,9887.5,14412.5,4525.0,45.76485461441214,Strong Win (20-50%),WIN,False
ONGC,Oil & Gas,2024-09-20,2026-03-02,Long Term,12+ months,528,50,286.45,288.25,14322.5,14412.5,90.0,0.6283819165648455,Flat (-5 to +5%),WIN,False
ADANIPOWER,Power,2024-10-03,2026-03-13,Long Term,12+ months,526,5,126.85,147.86,634.25,739.3000000000001,105.05,16.562869530942066,Modest Win (5-20%),WIN,False
INDUSTOWER,Telecom Infra,2024-08-21,2026-03-24,Long Term,12+ months,580,5,425.0,427.6,2125.0,2138.0,13.0,0.611764705882353,Flat (-5 to +5%),WIN,False
TATACAP,NBFC,2025-10-10,2026-03-25,Short Term,3-6 months,166,46,326.0,325.1097826086957,14996.0,14955.05,-40.95,-0.2730728194185043,Flat (-5 to +5%),LOSS,False
